,Year,Anomaly(1901-2000 Base Period),Rank
0,202112,0.83°C,1638
1,202111,0.91°C,1662
2,202110,0.89°C,1656
3,202109,0.89°C,1656
4,202108,0.90°C,1659
5,202107,0.93°C,1675
6,202106,0.89°C,1656
7,202105,0.81°C,1628
8,202104,0.80°C,1623
9,202103,0.86°C,1645
10,202102,0.64°C,1531
11,202101,0.78°C,1614
12,202012,0.78°C,1614
13,202011,0.95°C,1686
14,202010,0.83°C,1638
15,202009,0.94°C,1683
16,202008,0.94°C,1683
17,202007,0.92°C,1673
18,202006,0.92°C,1673
19,202005,0.94°C,1683
20,202004,1.05°C,1694
21,202003,1.18°C,1702
22,202002,1.16°C,1701
23,202001,1.13°C,1699
24,201912,1.05°C,1694
25,201911,0.92°C,1673
26,201910,0.95°C,1686
27,201909,0.94°C,1683
28,201908,0.92°C,1673
29,201907,0.92°C,1673
30,201906,0.95°C,1686
31,201905,0.87°C,1649
32,201904,0.97°C,1687
33,201903,1.10°C,1696
34,201902,0.85°C,1643
35,201901,0.94°C,1683
36,201812,0.88°C,1652
37,201811,0.78°C,1614
38,201810,0.92°C,1673
39,201809,0.83°C,1638
40,201808,0.80°C,1623
41,201807,0.82°C,1633
42,201806,0.78°C,1614
43,201805,0.82°C,1633
44,201804,0.85°C,1643
45,201803,0.89°C,1656
46,201802,0.76°C,1604
47,201801,0.75°C,1600
48,201712,0.87°C,1649
49,201711,0.80°C,1623
50,201710,0.81°C,1628
51,201709,0.86°C,1645
52,201708,0.92°C,1673
53,201707,0.90°C,1659
54,201706,0.84°C,1639
55,201705,0.88°C,1652
56,201704,0.92°C,1673
57,201703,1.09°C,1695
58,201702,1.02°C,1691
59,201701,0.98°C,1689
60,201612,0.83°C,1638
61,201611,0.78°C,1614
62,201610,0.79°C,1617
63,201609,0.94°C,1683
64,201608,0.98°C,1689
65,201607,0.92°C,1673
66,201606,0.93°C,1675
67,201605,0.94°C,1683
68,201604,1.12°C,1698
69,201603,1.31°C,1704
70,201602,1.26°C,1703
71,201601,1.12°C,1698
72,201512,1.15°C,1700
73,201511,1.00°C,1690
74,201510,1.04°C,1692
75,201509,0.94°C,1683
76,201508,0.91°C,1662
77,201507,0.85°C,1643
78,201506,0.91°C,1662
79,201505,0.90°C,1659
80,201504,0.81°C,1628
81,201503,0.92°C,1673
82,201502,0.87°C,1649
83,201501,0.83°C,1638
84,201412,0.82°C,1633
85,201411,0.65°C,1538
86,201410,0.76°C,1604
87,201409,0.79°C,1617
88,201408,0.82°C,1633
89,201407,0.71°C,1578
90,201406,0.77°C,1609
91,201405,0.80°C,1623
92,201404,0.81°C,1628
93,201403,0.77°C,1609
94,201402,0.49°C,1431
95,201401,0.70°C,1571
96,201312,0.67°C,1554
97,201311,0.81°C,1628
98,201310,0.66°C,1546
99,201309,0.68°C,1559
100,201308,0.69°C,1564
101,201307,0.66°C,1546
102,201306,0.69°C,1564
103,201305,0.69°C,1564
104,201304,0.59°C,1495
105,201303,0.67°C,1554
106,201302,0.66°C,1546
107,201301,0.62°C,1516
108,201212,0.48°C,1424
109,201211,0.71°C,1578
110,201210,0.70°C,1571
111,201209,0.74°C,1597
112,201208,0.70°C,1571
113,201207,0.70°C,1571
114,201206,0.72°C,1583
115,201205,0.74°C,1597
116,201204,0.73°C,1589
117,201203,0.51°C,1444
118,201202,0.45°C,1406
119,201201,0.44°C,1398
120,201112,0.55°C,1469
121,201111,0.50°C,1439
122,201110,0.61°C,1511
123,201109,0.59°C,1495
124,201108,0.65°C,1538
125,201107,0.65°C,1538
126,201106,0.64°C,1531
127,201105,0.55°C,1469
128,201104,0.62°C,1516
129,201103,0.60°C,1506
130,201102,0.45°C,1406
131,201101,0.46°C,1414
132,201012,0.46°C,1414
133,201011,0.75°C,1600
134,201010,0.63°C,1523
135,201009,0.62°C,1516
136,201008,0.69°C,1564
137,201007,0.73°C,1589
138,201006,0.75°C,1600
139,201005,0.77°C,1609
140,201004,0.85°C,1643
141,201003,0.88°C,1652
142,201002,0.80°C,1623
143,201001,0.73°C,1589
144,200912,0.65°C,1538
145,200911,0.71°C,1578
146,200910,0.64°C,1531
147,200909,0.73°C,1589
148,200908,0.72°C,1583
149,200907,0.67°C,1554
150,200906,0.67°C,1554
151,200905,0.59°C,1495
152,200904,0.63°C,1523
153,200903,0.57°C,1483
154,200902,0.55°C,1469
155,200901,0.60°C,1506
156,200812,0.54°C,1460
157,200811,0.67°C,1554
158,200810,0.67°C,1554
159,200809,0.55°C,1469
160,200808,0.57°C,1483
161,200807,0.59°C,1495
162,200806,0.54°C,1460
163,200805,0.51°C,1444
164,200804,0.49°C,1431
165,200803,0.74°C,1597
166,200802,0.37°C,1347
167,200801,0.27°C,1248
168,200712,0.48°C,1424
169,200711,0.52°C,1450
170,200710,0.56°C,1478
171,200709,0.58°C,1486
172,200708,0.56°C,1478
173,200707,0.56°C,1478
174,200706,0.55°C,1469
175,200705,0.60°C,1506
176,200704,0.73°C,1589
177,200703,0.67°C,1554
178,200702,0.69°C,1564
179,200701,0.92°C,1673
180,200612,0.80°C,1623
181,200611,0.64°C,1531
182,200610,0.68°C,1559
183,200609,0.64°C,1531
184,200608,0.66°C,1546
185,200607,0.62°C,1516
186,200606,0.66°C,1546
187,200605,0.55°C,1469
188,200604,0.52°C,1450
189,200603,0.64°C,1531
190,200602,0.70°C,1571
191,200601,0.50°C,1439
192,200512,0.63°C,1523
193,200511,0.72°C,1583
194,200510,0.68°C,1559
195,200509,0.68°C,1559
196,200508,0.63°C,1523
197,200507,0.66°C,1546
198,200506,0.67°C,1554
199,200505,0.66°C,1546
200,200504,0.72°C,1583
201,200503,0.74°C,1597
202,200502,0.56°C,1478
203,200501,0.65°C,1538
204,200412,0.51°C,1444
205,200411,0.76°C,1604
206,200410,0.60°C,1506
207,200409,0.56°C,1478
208,200408,0.52°C,1450
209,200407,0.47°C,1419
210,200406,0.48°C,1424
211,200405,0.45°C,1406
212,200404,0.60°C,1506
213,200403,0.70°C,1571
214,200402,0.74°C,1597
215,200401,0.61°C,1511
216,200312,0.76°C,1604
217,200311,0.57°C,1483
218,200310,0.74°C,1597
219,200309,0.65°C,1538
220,200308,0.66°C,1546
221,200307,0.60°C,1506
222,200306,0.56°C,1478
223,200305,0.63°C,1523
224,200304,0.58°C,1486
225,200303,0.61°C,1511
226,200302,0.59°C,1495
227,200301,0.72°C,1583
228,200212,0.49°C,1431
229,200211,0.60°C,1506
230,200210,0.49°C,1431
231,200209,0.59°C,1495
232,200208,0.57°C,1483
233,200207,0.63°C,1523
234,200206,0.60°C,1506
235,200205,0.59°C,1495
236,200204,0.58°C,1486
237,200203,0.82°C,1633
238,200202,0.79°C,1617
239,200201,0.71°C,1578
240,200112,0.57°C,1483
241,200111,0.71°C,1578
242,200110,0.52°C,1450
243,200109,0.54°C,1460
244,200108,0.61°C,1511
245,200107,0.60°C,1506
246,200106,0.55°C,1469
247,200105,0.62°C,1516
248,200104,0.59°C,1495
249,200103,0.65°C,1538
250,200102,0.41°C,1374
251,200101,0.47°C,1419
252,200012,0.33°C,1312
253,200011,0.27°C,1248
254,200010,0.32°C,1302
255,200009,0.42°C,1385
256,200008,0.46°C,1414
257,200007,0.40°C,1364
258,200006,0.39°C,1357
259,200005,0.43°C,1392
260,200004,0.64°C,1531
261,200003,0.55°C,1469
262,200002,0.56°C,1478
263,200001,0.34°C,1318
264,199912,0.53°C,1454
265,199911,0.35°C,1329
266,199910,0.35°C,1329
267,199909,0.39°C,1357
268,199908,0.36°C,1339
269,199907,0.40°C,1364
270,199906,0.42°C,1385
271,199905,0.40°C,1364
272,199904,0.47°C,1419
273,199903,0.40°C,1364
274,199902,0.70°C,1571
275,199901,0.51°C,1444
276,199812,0.60°C,1506
277,199811,0.42°C,1385
278,199810,0.49°C,1431
279,199809,0.53°C,1454
280,199808,0.71°C,1578
281,199807,0.74°C,1597
282,199806,0.73°C,1589
283,199805,0.71°C,1578
284,199804,0.77°C,1609
285,199803,0.68°C,1559
286,199802,0.87°C,1649
287,199801,0.60°C,1506
288,199712,0.63°C,1523
289,199711,0.59°C,1495
290,199710,0.64°C,1531
291,199709,0.61°C,1511
292,199708,0.55°C,1469
293,199707,0.50°C,1439
294,199706,0.54°C,1460
295,199705,0.42°C,1385
296,199704,0.43°C,1392
297,199703,0.50°C,1439
298,199702,0.44°C,1398
299,199701,0.34°C,1318
300,199612,0.39°C,1357
301,199611,0.30°C,1280
302,199610,0.22°C,1198
303,199609,0.25°C,1221
304,199608,0.35°C,1329
305,199607,0.33°C,1312
306,199606,0.35°C,1329
307,199605,0.39°C,1357
308,199604,0.27°C,1248
309,199603,0.35°C,1329
310,199602,0.46°C,1414
311,199601,0.25°C,1221
312,199512,0.33°C,1312
313,199511,0.45°C,1406
314,199510,0.44°C,1398
315,199509,0.41°C,1374
316,199508,0.50°C,1439
317,199507,0.42°C,1385
318,199506,0.46°C,1414
319,199505,0.37°C,1347
320,199504,0.45°C,1406
321,199503,0.50°C,1439
322,199502,0.74°C,1597
323,199501,0.56°C,1478
324,199412,0.42°C,1385
325,199411,0.46°C,1414
326,199410,0.42°C,1385
327,199409,0.33°C,1312
328,199408,0.30°C,1280
329,199407,0.31°C,1294
330,199406,0.40°C,1364
331,199405,0.41°C,1374
332,199404,0.36°C,1339
333,199403,0.38°C,1349
334,199402,0.08°C,1002
335,199401,0.27°C,1248
336,199312,0.27°C,1248
337,199311,0.07°C,984
338,199310,0.22°C,1198
339,199309,0.18°C,1161
340,199308,0.22°C,1198
341,199307,0.27°C,1248
342,199306,0.33°C,1312
343,199305,0.36°C,1339
344,199304,0.31°C,1294
345,199303,0.41°C,1374
346,199302,0.38°C,1349
347,199301,0.36°C,1339
348,199212,0.25°C,1221
349,199211,0.04°C,932
350,199210,0.05°C,948
351,199209,0.05°C,948
352,199208,0.11°C,1055
353,199207,0.11°C,1055
354,199206,0.28°C,1259
355,199205,0.33°C,1312
356,199204,0.31°C,1294
357,199203,0.44°C,1398
358,199202,0.43°C,1392
359,199201,0.46°C,1414
360,199112,0.28°C,1259
361,199111,0.30°C,1280
362,199110,0.29°C,1270
363,199109,0.36°C,1339
364,199108,0.37°C,1347
365,199107,0.42°C,1385
366,199106,0.49°C,1431
367,199105,0.41°C,1374
368,199104,0.52°C,1450
369,199103,0.37°C,1347
370,199102,0.46°C,1414
371,199101,0.43°C,1392
372,199012,0.42°C,1385
373,199011,0.48°C,1424
374,199010,0.43°C,1392
375,199009,0.33°C,1312
376,199008,0.39°C,1357
377,199007,0.39°C,1357
378,199006,0.42°C,1385
379,199005,0.47°C,1419
380,199004,0.54°C,1460
381,199003,0.77°C,1609
382,199002,0.41°C,1374
383,199001,0.36°C,1339
384,198912,0.41°C,1374
385,198911,0.23°C,1204
386,198910,0.29°C,1270
387,198909,0.31°C,1294
388,198908,0.32°C,1302
389,198907,0.32°C,1302
390,198906,0.26°C,1229
391,198905,0.29°C,1270
392,198904,0.29°C,1270
393,198903,0.35°C,1329
394,198902,0.31°C,1294
395,198901,0.17°C,1146
396,198812,0.34°C,1318
397,198811,0.21°C,1186
398,198810,0.31°C,1294
399,198809,0.35°C,1329
400,198808,0.35°C,1329
401,198807,0.37°C,1347
402,198806,0.41°C,1374
403,198805,0.41°C,1374
404,198804,0.47°C,1419
405,198803,0.53°C,1454
406,198802,0.44°C,1398
407,198801,0.56°C,1478
408,198712,0.54°C,1460
409,198711,0.35°C,1329
410,198710,0.35°C,1329
411,198709,0.45°C,1406
412,198708,0.40°C,1364
413,198707,0.44°C,1398
414,198706,0.33°C,1312
415,198705,0.36°C,1339
416,198704,0.31°C,1294
417,198703,0.27°C,1248
418,198702,0.50°C,1439
419,198701,0.32°C,1302
420,198612,0.22°C,1198
421,198611,0.16°C,1136
422,198610,0.22°C,1198
423,198609,0.18°C,1161
424,198608,0.20°C,1178
425,198607,0.17°C,1146
426,198606,0.24°C,1213
427,198605,0.27°C,1248
428,198604,0.27°C,1248
429,198603,0.30°C,1280
430,198602,0.30°C,1280
431,198601,0.32°C,1302
432,198512,0.22°C,1198
433,198511,0.14°C,1104
434,198510,0.15°C,1121
435,198509,0.14°C,1104
436,198508,0.16°C,1136
437,198507,0.10°C,1035
438,198506,0.15°C,1121
439,198505,0.22°C,1198
440,198504,0.15°C,1121
441,198503,0.20°C,1178
442,198502,0.06°C,963
443,198501,0.22°C,1198
444,198412,-0.08°C,676
445,198411,0.06°C,963
446,198410,0.14°C,1104
447,198409,0.18°C,1161
448,198408,0.19°C,1168
449,198407,0.15°C,1121
450,198406,0.14°C,1104
451,198405,0.31°C,1294
452,198404,0.14°C,1104
453,198403,0.31°C,1294
454,198402,0.18°C,1161
455,198401,0.30°C,1280
456,198312,0.28°C,1259
457,198311,0.45°C,1406
458,198310,0.24°C,1213
459,198309,0.34°C,1318
460,198308,0.36°C,1339
461,198307,0.30°C,1280
462,198306,0.30°C,1280
463,198305,0.31°C,1294
464,198304,0.29°C,1270
465,198303,0.43°C,1392
466,198302,0.49°C,1431
467,198301,0.53°C,1454
468,198212,0.43°C,1392
469,198211,0.15°C,1121
470,198210,0.18°C,1161
471,198209,0.24°C,1213
472,198208,0.15°C,1121
473,198207,0.16°C,1136
474,198206,0.14°C,1104
475,198205,0.21°C,1186
476,198204,0.22°C,1198
477,198203,0.10°C,1035
478,198202,0.20°C,1178
479,198201,0.14°C,1104
480,198112,0.48°C,1424
481,198111,0.27°C,1248
482,198110,0.18°C,1161
483,198109,0.18°C,1161
484,198108,0.24°C,1213
485,198107,0.25°C,1221
486,198106,0.31°C,1294
487,198105,0.27°C,1248
488,198104,0.36°C,1339
489,198103,0.45°C,1406
490,198102,0.40°C,1364
491,198101,0.51°C,1444
492,198012,0.27°C,1248
493,198011,0.31°C,1294
494,198010,0.19°C,1168
495,198009,0.20°C,1178
496,198008,0.21°C,1186
497,198007,0.23°C,1204
498,198006,0.27°C,1248
499,198005,0.37°C,1347
500,198004,0.33°C,1312
501,198003,0.28°C,1259
502,198002,0.39°C,1357
503,198001,0.33°C,1312
504,197912,0.52°C,1450
505,197911,0.29°C,1270
506,197910,0.29°C,1270
507,197909,0.26°C,1229
508,197908,0.24°C,1213
509,197907,0.20°C,1178
510,197906,0.22°C,1198
511,197905,0.18°C,1161
512,197904,0.12°C,1072
513,197903,0.23°C,1204
514,197902,0.05°C,948
515,197901,0.15°C,1121
516,197812,0.14°C,1104
517,197811,0.20°C,1178
518,197810,0.07°C,984
519,197809,0.09°C,1019
520,197808,0.01°C,880
521,197807,0.07°C,984
522,197806,0.06°C,963
523,197805,0.08°C,1002
524,197804,0.13°C,1087
525,197803,0.23°C,1204
526,197802,0.15°C,1121
527,197801,0.17°C,1146
528,197712,0.12°C,1072
529,197711,0.26°C,1229
530,197710,0.12°C,1072
531,197709,0.19°C,1168
532,197708,0.16°C,1136
533,197707,0.19°C,1168
534,197706,0.27°C,1248
535,197705,0.27°C,1248
536,197704,0.29°C,1270
537,197703,0.31°C,1294
538,197702,0.26°C,1229
539,197701,0.13°C,1087
540,197612,0.11°C,1055
541,197611,-0.03°C,787
542,197610,-0.19°C,426
543,197609,-0.02°C,811
544,197608,-0.04°C,767
545,197607,-0.07°C,699
546,197606,-0.08°C,676
547,197605,-0.12°C,580
548,197604,0.00°C,865
549,197603,-0.22°C,368
550,197602,-0.12°C,580
551,197601,-0.02°C,811
552,197512,-0.10°C,625
553,197511,-0.16°C,500
554,197510,-0.12°C,580
555,197509,0.04°C,932
556,197508,-0.04°C,767
557,197507,0.04°C,932
558,197506,0.06°C,963
559,197505,0.08°C,1002
560,197504,0.08°C,1002
561,197503,0.12°C,1072
562,197502,0.06°C,963
563,197501,0.11°C,1055
564,197412,-0.10°C,625
565,197411,-0.06°C,729
566,197410,-0.07°C,699
567,197409,-0.01°C,835
568,197408,0.04°C,932
569,197407,0.02°C,899
570,197406,-0.03°C,787
571,197405,-0.02°C,811
572,197404,-0.05°C,744
573,197403,-0.03°C,787
574,197402,-0.24°C,315
575,197401,-0.19°C,426
576,197312,0.03°C,913
577,197311,0.03°C,913
578,197310,0.07°C,984
579,197309,0.10°C,1035
580,197308,0.12°C,1072
581,197307,0.16°C,1136
582,197306,0.24°C,1213
583,197305,0.23°C,1204
584,197304,0.29°C,1270
585,197303,0.37°C,1347
586,197302,0.41°C,1374
587,197301,0.28°C,1259
588,197212,0.26°C,1229
589,197211,0.08°C,1002
590,197210,0.10°C,1035
591,197209,0.03°C,913
592,197208,0.10°C,1035
593,197207,0.08°C,1002
594,197206,0.08°C,1002
595,197205,0.02°C,899
596,197204,0.07°C,984
597,197203,0.03°C,913
598,197202,-0.15°C,520
599,197201,-0.24°C,315
600,197112,-0.05°C,744
601,197111,0.03°C,913
602,197110,-0.08°C,676
603,197109,-0.03°C,787
604,197108,-0.04°C,767
605,197107,-0.04°C,767
606,197106,-0.12°C,580
607,197105,-0.07°C,699
608,197104,-0.10°C,625
609,197103,-0.10°C,625
610,197102,-0.19°C,426
611,197101,0.01°C,880
612,197012,-0.07°C,699
613,197011,0.04°C,932
614,197010,-0.02°C,811
615,197009,0.04°C,932
616,197008,0.02°C,899
617,197007,0.02°C,899
618,197006,0.04°C,932
619,197005,0.05°C,948
620,197004,0.13°C,1087
621,197003,0.06°C,963
622,197002,0.24°C,1213
623,197001,0.14°C,1104
624,196912,0.28°C,1259
625,196911,0.20°C,1178
626,196910,0.09°C,1019
627,196909,0.09°C,1019
628,196908,0.11°C,1055
629,196907,0.10°C,1035
630,196906,0.08°C,1002
631,196905,0.19°C,1168
632,196904,0.18°C,1161
633,196903,0.12°C,1072
634,196902,-0.08°C,676
635,196901,-0.09°C,646
636,196812,-0.03°C,787
637,196811,0.01°C,880
638,196810,0.06°C,963
639,196809,0.00°C,865
640,196808,0.01°C,880
641,196807,-0.01°C,835
642,196806,-0.03°C,787
643,196805,-0.09°C,646
644,196804,-0.07°C,699
645,196803,0.15°C,1121
646,196802,-0.11°C,603
647,196801,-0.20°C,409
648,196712,-0.02°C,811
649,196711,-0.01°C,835
650,196710,0.15°C,1121
651,196709,-0.03°C,787
652,196708,0.01°C,880
653,196707,0.00°C,865
654,196706,-0.03°C,787
655,196705,0.15°C,1121
656,196704,0.01°C,880
657,196703,0.02°C,899
658,196702,-0.17°C,479
659,196701,-0.09°C,646
660,196612,-0.08°C,676
661,196611,-0.03°C,787
662,196610,-0.07°C,699
663,196609,0.02°C,899
664,196608,0.05°C,948
665,196607,0.10°C,1035
666,196606,0.07°C,984
667,196605,-0.04°C,767
668,196604,-0.07°C,699
669,196603,0.02°C,899
670,196602,-0.03°C,787
671,196601,-0.05°C,744
672,196512,-0.01°C,835
673,196511,-0.06°C,729
674,196510,0.02°C,899
675,196509,-0.03°C,787
676,196508,-0.05°C,744
677,196507,-0.07°C,699
678,196506,-0.04°C,767
679,196505,-0.07°C,699
680,196504,-0.18°C,451
681,196503,-0.09°C,646
682,196502,-0.18°C,451
683,196501,-0.07°C,699
684,196412,-0.25°C,297
685,196411,-0.21°C,392
686,196410,-0.25°C,297
687,196409,-0.19°C,426
688,196408,-0.16°C,500
689,196407,-0.08°C,676
690,196406,-0.07°C,699
691,196405,-0.09°C,646
692,196404,-0.20°C,409
693,196403,-0.15°C,520
694,196402,-0.06°C,729
695,196401,0.02°C,899
696,196312,0.09°C,1019
697,196311,0.21°C,1186
698,196310,0.23°C,1204
699,196309,0.18°C,1161
700,196308,0.18°C,1161
701,196307,0.13°C,1087
702,196306,0.05°C,948
703,196305,0.04°C,932
704,196304,0.02°C,899
705,196303,-0.02°C,811
706,196302,0.27°C,1248
707,196301,0.06°C,963
708,196212,0.11°C,1055
709,196211,0.09°C,1019
710,196210,0.12°C,1072
711,196209,0.10°C,1035
712,196208,0.08°C,1002
713,196207,0.12°C,1072
714,196206,0.04°C,932
715,196205,0.07°C,984
716,196204,0.10°C,1035
717,196203,0.16°C,1136
718,196202,0.17°C,1146
719,196201,0.12°C,1072
720,196112,-0.01°C,835
721,196111,0.04°C,932
722,196110,-0.02°C,811
723,196109,0.04°C,932
724,196108,0.05°C,948
725,196107,0.07°C,984
726,196106,0.15°C,1121
727,196105,0.17°C,1146
728,196104,0.15°C,1121
729,196103,0.17°C,1146
730,196102,0.20°C,1178
731,196101,0.13°C,1087
732,196012,0.27°C,1248
733,196011,-0.04°C,767
734,196010,0.06°C,963
735,196009,0.11°C,1055
736,196008,0.09°C,1019
737,196007,0.06°C,963
738,196006,0.09°C,1019
739,196005,-0.05°C,744
740,196004,-0.06°C,729
741,196003,-0.18°C,451
742,196002,0.21°C,1186
743,196001,0.04°C,932
744,195912,0.01°C,880
745,195911,-0.06°C,729
746,195910,0.00°C,865
747,195909,0.11°C,1055
748,195908,0.07°C,984
749,195907,0.08°C,1002
750,195906,0.11°C,1055
751,195905,0.06°C,963
752,195904,0.12°C,1072
753,195903,0.21°C,1186
754,195902,0.08°C,1002
755,195901,0.15°C,1121
756,195812,0.15°C,1121
757,195811,0.07°C,984
758,195810,0.07°C,984
759,195809,0.05°C,948
760,195808,0.09°C,1019
761,195807,0.09°C,1019
762,195806,0.08°C,1002
763,195805,0.09°C,1019
764,195804,0.11°C,1055
765,195803,0.15°C,1121
766,195802,0.22°C,1198
767,195801,0.32°C,1302
768,195712,0.21°C,1186
769,195711,0.11°C,1055
770,195710,0.03°C,913
771,195709,0.13°C,1087
772,195708,0.16°C,1136
773,195707,0.10°C,1035
774,195706,0.17°C,1146
775,195705,0.13°C,1087
776,195704,0.02°C,899
777,195703,-0.05°C,744
778,195702,-0.07°C,699
779,195701,-0.09°C,646
780,195612,-0.12°C,580
781,195611,-0.16°C,500
782,195610,-0.19°C,426
783,195609,-0.21°C,392
784,195608,-0.17°C,479
785,195607,-0.12°C,580
786,195606,-0.14°C,543
787,195605,-0.24°C,315
788,195604,-0.27°C,261
789,195603,-0.18°C,451
790,195602,-0.24°C,315
791,195601,-0.14°C,543
792,195512,-0.25°C,297
793,195511,-0.23°C,352
794,195510,-0.12°C,580
795,195509,-0.08°C,676
796,195508,-0.02°C,811
797,195507,-0.11°C,603
798,195506,-0.11°C,603
799,195505,-0.14°C,543
800,195504,-0.23°C,352
801,195503,-0.30°C,201
802,195502,-0.10°C,625
803,195501,0.14°C,1104
804,195412,-0.18°C,451
805,195411,0.05°C,948
806,195410,-0.05°C,744
807,195409,-0.05°C,744
808,195408,-0.09°C,646
809,195407,-0.13°C,559
810,195406,-0.10°C,625
811,195405,-0.17°C,479
812,195404,-0.13°C,559
813,195403,-0.09°C,646
814,195402,-0.06°C,729
815,195401,-0.20°C,409
816,195312,0.09°C,1019
817,195311,-0.02°C,811
818,195310,0.12°C,1072
819,195309,0.10°C,1035
820,195308,0.11°C,1055
821,195307,0.11°C,1055
822,195306,0.18°C,1161
823,195305,0.17°C,1146
824,195304,0.24°C,1213
825,195303,0.20°C,1178
826,195302,0.18°C,1161
827,195301,0.09°C,1019
828,195212,0.02°C,899
829,195211,-0.15°C,520
830,195210,0.01°C,880
831,195209,0.11°C,1055
832,195208,0.07°C,984
833,195207,0.07°C,984
834,195206,0.05°C,948
835,195205,0.05°C,948
836,195204,0.08°C,1002
837,195203,-0.01°C,835
838,195202,0.11°C,1055
839,195201,0.12°C,1072
840,195112,0.22°C,1198
841,195111,0.02°C,899
842,195110,0.13°C,1087
843,195109,0.17°C,1146
844,195108,0.12°C,1072
845,195107,0.11°C,1055
846,195106,0.05°C,948
847,195105,0.07°C,984
848,195104,-0.08°C,676
849,195103,-0.15°C,520
850,195102,-0.39°C,95
851,195101,-0.28°C,232
852,195012,-0.15°C,520
853,195011,-0.34°C,139
854,195010,-0.16°C,500
855,195009,-0.08°C,676
856,195008,-0.13°C,559
857,195007,-0.09°C,646
858,195006,-0.04°C,767
859,195005,-0.04°C,767
860,195004,-0.18°C,451
861,195003,-0.10°C,625
862,195002,-0.23°C,352
863,195001,-0.29°C,218
864,194912,-0.18°C,451
865,194911,-0.08°C,676
866,194910,-0.06°C,729
867,194909,-0.11°C,603
868,194908,-0.07°C,699
869,194907,-0.09°C,646
870,194906,-0.17°C,479
871,194905,-0.02°C,811
872,194904,-0.02°C,811
873,194903,-0.05°C,744
874,194902,-0.14°C,543
875,194901,0.12°C,1072
876,194812,-0.11°C,603
877,194811,-0.07°C,699
878,194810,-0.06°C,729
879,194809,-0.10°C,625
880,194808,-0.05°C,744
881,194807,-0.06°C,729
882,194806,0.00°C,865
883,194805,0.07°C,984
884,194804,-0.05°C,744
885,194803,-0.18°C,451
886,194802,-0.09°C,646
887,194801,0.07°C,984
888,194712,-0.13°C,559
889,194711,0.00°C,865
890,194710,0.05°C,948
891,194709,-0.11°C,603
892,194708,-0.07°C,699
893,194707,-0.03°C,787
894,194706,0.03°C,913
895,194705,-0.01°C,835
896,194704,0.06°C,963
897,194703,0.03°C,913
898,194702,-0.07°C,699
899,194701,-0.16°C,500
900,194612,-0.29°C,218
901,194611,-0.03°C,787
902,194610,0.00°C,850
903,194609,-0.02°C,811
904,194608,-0.12°C,580
905,194607,-0.07°C,699
906,194606,-0.14°C,543
907,194605,-0.02°C,811
908,194604,0.16°C,1136
909,194603,0.02°C,899
910,194602,0.14°C,1104
911,194601,0.25°C,1221
912,194512,-0.01°C,835
913,194511,0.18°C,1161
914,194510,0.28°C,1259
915,194509,0.26°C,1229
916,194508,0.36°C,1339
917,194507,0.13°C,1087
918,194506,0.14°C,1104
919,194505,0.17°C,1146
920,194504,0.29°C,1270
921,194503,0.10°C,1035
922,194502,0.05°C,948
923,194501,0.16°C,1136
924,194412,0.12°C,1072
925,194411,0.13°C,1087
926,194410,0.32°C,1302
927,194409,0.37°C,1347
928,194408,0.27°C,1248
929,194407,0.31°C,1294
930,194406,0.30°C,1280
931,194405,0.25°C,1221
932,194404,0.25°C,1221
933,194403,0.34°C,1318
934,194402,0.28°C,1259
935,194401,0.39°C,1357
936,194312,0.30°C,1280
937,194311,0.20°C,1178
938,194310,0.26°C,1229
939,194309,0.10°C,1035
940,194308,0.07°C,984
941,194307,0.10°C,1035
942,194306,-0.02°C,811
943,194305,0.10°C,1035
944,194304,0.11°C,1055
945,194303,-0.03°C,787
946,194302,0.12°C,1072
947,194301,-0.03°C,787
948,194212,0.11°C,1055
949,194211,0.09°C,1019
950,194210,0.07°C,984
951,194209,0.04°C,932
952,194208,0.00°C,850
953,194207,0.03°C,913
954,194206,0.16°C,1136
955,194205,0.14°C,1104
956,194204,0.16°C,1136
957,194203,0.14°C,1104
958,194202,0.06°C,963
959,194201,0.29°C,1270
960,194112,0.26°C,1229
961,194111,0.32°C,1302
962,194110,0.42°C,1385
963,194109,0.14°C,1104
964,194108,0.24°C,1213
965,194107,0.28°C,1259
966,194106,0.25°C,1221
967,194105,0.28°C,1259
968,194104,0.28°C,1259
969,194103,0.18°C,1161
970,194102,0.34°C,1318
971,194101,0.27°C,1248
972,194012,0.35°C,1329
973,194011,0.21°C,1186
974,194010,0.16°C,1136
975,194009,0.19°C,1168
976,194008,0.13°C,1087
977,194007,0.16°C,1136
978,194006,0.13°C,1087
979,194005,0.13°C,1087
980,194004,0.19°C,1168
981,194003,0.09°C,1019
982,194002,0.13°C,1087
983,194001,0.01°C,880
984,193912,0.50°C,1439
985,193911,0.09°C,1019
986,193910,-0.01°C,835
987,193909,0.00°C,865
988,193908,0.04°C,932
989,193907,-0.01°C,835
990,193906,0.00°C,865
991,193905,-0.02°C,811
992,193904,-0.11°C,603
993,193903,-0.18°C,451
994,193902,-0.09°C,646
995,193901,-0.11°C,603
996,193812,-0.20°C,409
997,193811,0.02°C,899
998,193810,0.07°C,984
999,193809,0.01°C,880
1000,193808,-0.05°C,744
1001,193807,-0.07°C,699
1002,193806,-0.11°C,603
1003,193805,-0.03°C,787
1004,193804,0.08°C,1002
1005,193803,0.03°C,913
1006,193802,-0.02°C,811
1007,193801,0.02°C,899
1008,193712,-0.07°C,699
1009,193711,0.08°C,1002
1010,193710,0.10°C,1035
1011,193709,0.14°C,1104
1012,193708,0.08°C,1002
1013,193707,0.00°C,865
1014,193706,0.03°C,913
1015,193705,-0.02°C,811
1016,193704,-0.13°C,559
1017,193703,-0.18°C,451
1018,193702,0.03°C,913
1019,193701,-0.18°C,451
1020,193612,-0.01°C,835
1021,193611,-0.01°C,835
1022,193610,-0.02°C,811
1023,193609,-0.07°C,699
1024,193608,-0.08°C,676
1025,193607,-0.05°C,744
1026,193606,-0.15°C,520
1027,193605,-0.11°C,603
1028,193604,-0.18°C,451
1029,193603,-0.17°C,479
1030,193602,-0.30°C,201
1031,193601,-0.27°C,261
1032,193512,-0.15°C,520
1033,193511,-0.27°C,261
1034,193510,-0.03°C,787
1035,193509,-0.14°C,543
1036,193508,-0.15°C,520
1037,193507,-0.16°C,500
1038,193506,-0.19°C,426
1039,193505,-0.22°C,368
1040,193504,-0.29°C,218
1041,193503,-0.16°C,500
1042,193502,0.16°C,1136
1043,193501,-0.28°C,232
1044,193412,-0.02°C,811
1045,193411,0.03°C,913
1046,193410,-0.04°C,767
1047,193409,-0.12°C,580
1048,193408,-0.04°C,767
1049,193407,-0.07°C,699
1050,193406,-0.03°C,787
1051,193405,-0.06°C,729
1052,193404,-0.27°C,261
1053,193403,-0.32°C,165
1054,193402,-0.08°C,676
1055,193401,-0.30°C,201
1056,193312,-0.41°C,80
1057,193311,-0.25°C,297
1058,193310,-0.20°C,409
1059,193309,-0.26°C,281
1060,193308,-0.21°C,392
1061,193307,-0.20°C,409
1062,193306,-0.26°C,281
1063,193305,-0.24°C,315
1064,193304,-0.21°C,392
1065,193303,-0.28°C,232
1066,193302,-0.32°C,165
1067,193301,-0.28°C,232
1068,193212,-0.22°C,368
1069,193211,-0.21°C,392
1070,193210,-0.09°C,646
1071,193209,-0.08°C,676
1072,193208,-0.19°C,426
1073,193207,-0.16°C,500
1074,193206,-0.19°C,426
1075,193205,-0.16°C,500
1076,193204,-0.03°C,787
1077,193203,-0.19°C,426
1078,193202,-0.18°C,451
1079,193201,0.15°C,1121
1080,193112,-0.09°C,646
1081,193111,-0.13°C,559
1082,193110,0.04°C,932
1083,193109,0.01°C,880
1084,193108,0.01°C,880
1085,193107,-0.02°C,811
1086,193106,-0.02°C,811
1087,193105,-0.15°C,520
1088,193104,-0.13°C,559
1089,193103,-0.01°C,835
1090,193102,-0.22°C,368
1091,193101,-0.03°C,787
1092,193012,0.01°C,880
1093,193011,0.16°C,1136
1094,193010,-0.02°C,811
1095,193009,-0.10°C,625
1096,193008,-0.09°C,646
1097,193007,-0.09°C,646
1098,193006,-0.13°C,559
1099,193005,-0.18°C,451
1100,193004,-0.21°C,392
1101,193003,-0.08°C,676
1102,193002,-0.24°C,315
1103,193001,-0.34°C,139
1104,192912,-0.53°C,24
1105,192911,-0.11°C,603
1106,192910,-0.14°C,543
1107,192909,-0.22°C,368
1108,192908,-0.24°C,315
1109,192907,-0.33°C,150
1110,192906,-0.35°C,129
1111,192905,-0.32°C,165
1112,192904,-0.33°C,150
1113,192903,-0.31°C,188
1114,192902,-0.57°C,15
1115,192901,-0.49°C,35
1116,192812,-0.18°C,451
1117,192811,-0.10°C,625
1118,192810,-0.16°C,500
1119,192809,-0.17°C,479
1120,192808,-0.20°C,409
1121,192807,-0.16°C,500
1122,192806,-0.27°C,261
1123,192805,-0.21°C,392
1124,192804,-0.24°C,315
1125,192803,-0.26°C,281
1126,192802,-0.16°C,500
1127,192801,-0.08°C,676
1128,192712,-0.29°C,218
1129,192711,-0.05°C,744
1130,192710,0.00°C,850
1131,192709,-0.07°C,699
1132,192708,-0.15°C,520
1133,192707,-0.13°C,559
1134,192706,-0.19°C,426
1135,192705,-0.22°C,368
1136,192704,-0.25°C,297
1137,192703,-0.30°C,201
1138,192702,-0.19°C,426
1139,192701,-0.23°C,352
1140,192612,-0.22°C,368
1141,192611,-0.08°C,676
1142,192610,-0.07°C,699
1143,192609,-0.10°C,625
1144,192608,-0.10°C,625
1145,192607,-0.19°C,426
1146,192606,-0.10°C,625
1147,192605,-0.12°C,580
1148,192604,-0.13°C,559
1149,192603,0.06°C,963
1150,192602,0.04°C,932
1151,192601,0.13°C,1087
1152,192512,0.12°C,1072
1153,192511,0.05°C,948
1154,192510,-0.16°C,500
1155,192509,-0.13°C,559
1156,192508,-0.15°C,520
1157,192507,-0.21°C,392
1158,192506,-0.24°C,315
1159,192505,-0.21°C,392
1160,192504,-0.18°C,451
1161,192503,-0.24°C,315
1162,192502,-0.39°C,95
1163,192501,-0.40°C,85
1164,192412,-0.41°C,80
1165,192411,-0.29°C,218
1166,192410,-0.31°C,188
1167,192409,-0.29°C,218
1168,192408,-0.31°C,188
1169,192407,-0.23°C,352
1170,192406,-0.20°C,409
1171,192405,-0.15°C,520
1172,192404,-0.23°C,352
1173,192403,-0.09°C,646
1174,192402,-0.19°C,426
1175,192401,-0.22°C,368
1176,192312,-0.01°C,835
1177,192311,-0.03°C,787
1178,192310,-0.19°C,426
1179,192309,-0.29°C,218
1180,192308,-0.33°C,150
1181,192307,-0.30°C,201
1182,192306,-0.24°C,315
1183,192305,-0.28°C,232
1184,192304,-0.39°C,95
1185,192303,-0.33°C,150
1186,192302,-0.43°C,69
1187,192301,-0.24°C,315
1188,192212,-0.20°C,409
1189,192211,-0.16°C,500
1190,192210,-0.28°C,232
1191,192209,-0.32°C,165
1192,192208,-0.30°C,201
1193,192207,-0.26°C,281
1194,192206,-0.27°C,261
1195,192205,-0.31°C,188
1196,192204,-0.16°C,500
1197,192203,-0.11°C,603
1198,192202,-0.32°C,165
1199,192201,-0.31°C,188
1200,192112,-0.10°C,625
1201,192111,-0.17°C,479
1202,192110,-0.06°C,729
1203,192109,-0.14°C,543
1204,192108,-0.22°C,368
1205,192107,-0.13°C,559
1206,192106,-0.17°C,479
1207,192105,-0.24°C,315
1208,192104,-0.22°C,368
1209,192103,-0.26°C,281
1210,192102,-0.18°C,451
1211,192101,-0.09°C,646
1212,192012,-0.43°C,69
1213,192011,-0.24°C,315
1214,192010,-0.23°C,352
1215,192009,-0.18°C,451
1216,192008,-0.24°C,315
1217,192007,-0.24°C,315
1218,192006,-0.26°C,281
1219,192005,-0.17°C,479
1220,192004,-0.19°C,426
1221,192003,-0.09°C,646
1222,192002,-0.33°C,150
1223,192001,-0.21°C,392
1224,191912,-0.41°C,80
1225,191911,-0.40°C,85
1226,191910,-0.24°C,315
1227,191909,-0.24°C,315
1228,191908,-0.30°C,201
1229,191907,-0.25°C,297
1230,191906,-0.28°C,232
1231,191905,-0.26°C,281
1232,191904,-0.06°C,729
1233,191903,-0.24°C,315
1234,191902,-0.12°C,580
1235,191901,-0.24°C,315
1236,191812,-0.35°C,129
1237,191811,-0.13°C,559
1238,191810,-0.12°C,580
1239,191809,-0.20°C,409
1240,191808,-0.31°C,188
1241,191807,-0.30°C,201
1242,191806,-0.35°C,129
1243,191805,-0.46°C,49
1244,191804,-0.44°C,60
1245,191803,-0.32°C,165
1246,191802,-0.38°C,105
1247,191801,-0.33°C,150
1248,191712,-0.55°C,19
1249,191711,-0.22°C,368
1250,191710,-0.33°C,150
1251,191709,-0.11°C,603
1252,191708,-0.17°C,479
1253,191707,-0.20°C,409
1254,191706,-0.40°C,85
1255,191705,-0.58°C,10
1256,191704,-0.47°C,45
1257,191703,-0.64°C,3
1258,191702,-0.58°C,10
1259,191701,-0.53°C,24
1260,191612,-0.63°C,4
1261,191611,-0.44°C,60
1262,191610,-0.28°C,232
1263,191609,-0.33°C,150
1264,191608,-0.33°C,150
1265,191607,-0.33°C,150
1266,191606,-0.40°C,85
1267,191605,-0.32°C,165
1268,191604,-0.26°C,281
1269,191603,-0.29°C,218
1270,191602,-0.17°C,479
1271,191601,-0.13°C,559
1272,191512,-0.12°C,580
1273,191511,-0.03°C,787
1274,191510,-0.24°C,315
1275,191509,-0.17°C,479
1276,191508,-0.12°C,580
1277,191507,-0.07°C,699
1278,191506,-0.14°C,543
1279,191505,-0.06°C,729
1280,191504,0.04°C,932
1281,191503,-0.09°C,646
1282,191502,0.00°C,865
1283,191501,-0.15°C,520
1284,191412,-0.09°C,646
1285,191411,-0.10°C,625
1286,191410,-0.10°C,625
1287,191409,-0.21°C,392
1288,191408,-0.20°C,409
1289,191407,-0.22°C,368
1290,191406,-0.19°C,426
1291,191405,-0.15°C,520
1292,191404,-0.26°C,281
1293,191403,-0.18°C,451
1294,191402,-0.12°C,580
1295,191401,0.11°C,1055
1296,191312,-0.04°C,767
1297,191311,-0.16°C,500
1298,191310,-0.31°C,188
1299,191309,-0.34°C,139
1300,191308,-0.29°C,218
1301,191307,-0.31°C,188
1302,191306,-0.39°C,95
1303,191305,-0.40°C,85
1304,191304,-0.38°C,105
1305,191303,-0.46°C,49
1306,191302,-0.42°C,75
1307,191301,-0.35°C,129
1308,191212,-0.40°C,85
1309,191211,-0.42°C,75
1310,191210,-0.54°C,21
1311,191209,-0.53°C,24
1312,191208,-0.46°C,49
1313,191207,-0.35°C,129
1314,191206,-0.22°C,368
1315,191205,-0.20°C,409
1316,191204,-0.20°C,409
1317,191203,-0.32°C,165
1318,191202,-0.13°C,559
1319,191201,-0.28°C,232
1320,191112,-0.20°C,409
1321,191111,-0.25°C,297
1322,191110,-0.32°C,165
1323,191109,-0.40°C,85
1324,191108,-0.44°C,60
1325,191107,-0.47°C,45
1326,191106,-0.48°C,39
1327,191105,-0.53°C,24
1328,191104,-0.54°C,21
1329,191103,-0.60°C,8
1330,191102,-0.57°C,15
1331,191101,-0.55°C,19
1332,191012,-0.58°C,10
1333,191011,-0.49°C,35
1334,191010,-0.43°C,69
1335,191009,-0.37°C,117
1336,191008,-0.35°C,129
1337,191007,-0.32°C,165
1338,191006,-0.34°C,139
1339,191005,-0.31°C,188
1340,191004,-0.38°C,105
1341,191003,-0.51°C,29
1342,191002,-0.40°C,85
1343,191001,-0.36°C,125
1344,190912,-0.42°C,75
1345,190911,-0.28°C,232
1346,190910,-0.36°C,125
1347,190909,-0.34°C,139
1348,190908,-0.33°C,150
1349,190907,-0.46°C,49
1350,190906,-0.46°C,49
1351,190905,-0.49°C,35
1352,190904,-0.61°C,6
1353,190903,-0.50°C,31
1354,190902,-0.46°C,49
1355,190901,-0.58°C,10
1356,190812,-0.42°C,75
1357,190811,-0.50°C,31
1358,190810,-0.50°C,31
1359,190809,-0.37°C,117
1360,190808,-0.46°C,49
1361,190807,-0.37°C,117
1362,190806,-0.38°C,105
1363,190805,-0.39°C,95
1364,190804,-0.45°C,59
1365,190803,-0.58°C,10
1366,190802,-0.37°C,117
1367,190801,-0.38°C,105
1368,190712,-0.43°C,69
1369,190711,-0.48°C,39
1370,190710,-0.30°C,201
1371,190709,-0.36°C,125
1372,190708,-0.32°C,165
1373,190707,-0.34°C,139
1374,190706,-0.38°C,105
1375,190705,-0.47°C,45
1376,190704,-0.37°C,117
1377,190703,-0.32°C,165
1378,190702,-0.48°C,39
1379,190701,-0.37°C,117
1380,190612,-0.15°C,520
1381,190611,-0.34°C,139
1382,190610,-0.28°C,232
1383,190609,-0.28°C,232
1384,190608,-0.24°C,315
1385,190607,-0.21°C,392
1386,190606,-0.15°C,520
1387,190605,-0.23°C,352
1388,190604,-0.07°C,699
1389,190603,-0.18°C,451
1390,190602,-0.23°C,352
1391,190601,-0.14°C,543
1392,190512,-0.09°C,646
1393,190511,-0.08°C,676
1394,190510,-0.26°C,281
1395,190509,-0.21°C,392
1396,190508,-0.19°C,426
1397,190507,-0.22°C,368
1398,190506,-0.24°C,315
1399,190505,-0.26°C,281
1400,190504,-0.40°C,85
1401,190503,-0.39°C,95
1402,190502,-0.62°C,5
1403,190501,-0.35°C,129
1404,190412,-0.30°C,201
1405,190411,-0.16°C,500
1406,190410,-0.43°C,69
1407,190409,-0.48°C,39
1408,190408,-0.44°C,60
1409,190407,-0.49°C,35
1410,190406,-0.44°C,60
1411,190405,-0.46°C,49
1412,190404,-0.50°C,31
1413,190403,-0.57°C,15
1414,190402,-0.57°C,15
1415,190401,-0.60°C,8
1416,190312,-0.47°C,45
1417,190311,-0.48°C,39
1418,190310,-0.51°C,29
1419,190309,-0.46°C,49
1420,190308,-0.44°C,60
1421,190307,-0.39°C,95
1422,190306,-0.38°C,105
1423,190305,-0.41°C,80
1424,190304,-0.36°C,125
1425,190303,-0.25°C,297
1426,190302,-0.09°C,646
1427,190301,-0.24°C,315
1428,190212,-0.37°C,117
1429,190211,-0.34°C,139
1430,190210,-0.31°C,188
1431,190209,-0.28°C,232
1432,190208,-0.29°C,218
1433,190207,-0.27°C,261
1434,190206,-0.30°C,201
1435,190205,-0.28°C,232
1436,190204,-0.27°C,261
1437,190203,-0.22°C,368
1438,190202,-0.05°C,744
1439,190201,-0.11°C,603
1440,190112,-0.27°C,261
1441,190111,-0.20°C,409
1442,190110,-0.32°C,165
1443,190109,-0.25°C,297
1444,190108,-0.18°C,451
1445,190107,-0.13°C,559
1446,190106,-0.07°C,699
1447,190105,-0.11°C,603
1448,190104,-0.05°C,744
1449,190103,-0.03°C,787
1450,190102,-0.08°C,676
1451,190101,-0.13°C,559
1452,190012,0.02°C,899
1453,190011,-0.14°C,543
1454,190010,0.07°C,984
1455,190009,-0.06°C,729
1456,190008,-0.07°C,699
1457,190007,-0.09°C,646
1458,190006,-0.04°C,767
1459,190005,-0.06°C,729
1460,190004,-0.09°C,646
1461,190003,-0.04°C,767
1462,190002,-0.07°C,699
1463,190001,-0.32°C,165
1464,189912,-0.19°C,426
1465,189911,0.11°C,1055
1466,189910,-0.09°C,646
1467,189909,-0.04°C,767
1468,189908,-0.10°C,625
1469,189907,-0.17°C,479
1470,189906,-0.26°C,281
1471,189905,-0.17°C,479
1472,189904,-0.19°C,426
1473,189903,-0.33°C,150
1474,189902,-0.32°C,165
1475,189901,-0.13°C,559
1476,189812,-0.10°C,625
1477,189811,-0.30°C,201
1478,189810,-0.38°C,105
1479,189809,-0.22°C,368
1480,189808,-0.24°C,315
1481,189807,-0.23°C,352
1482,189806,-0.19°C,426
1483,189805,-0.28°C,232
1484,189804,-0.38°C,105
1485,189803,-0.65°C,2
1486,189802,-0.28°C,232
1487,189801,0.00°C,865
1488,189712,-0.24°C,315
1489,189711,-0.25°C,297
1490,189710,-0.18°C,451
1491,189709,-0.05°C,744
1492,189708,-0.08°C,676
1493,189707,-0.01°C,835
1494,189706,-0.08°C,676
1495,189705,0.00°C,865
1496,189704,0.05°C,948
1497,189703,-0.11°C,603
1498,189702,-0.10°C,625
1499,189701,-0.12°C,580
1500,189612,0.07°C,984
1501,189611,-0.15°C,520
1502,189610,0.02°C,899
1503,189609,-0.04°C,767
1504,189608,-0.04°C,767
1505,189607,-0.04°C,767
1506,189606,-0.09°C,646
1507,189605,-0.13°C,559
1508,189604,-0.24°C,315
1509,189603,-0.22°C,368
1510,189602,-0.11°C,603
1511,189601,-0.15°C,520
1512,189512,-0.12°C,580
1513,189511,-0.18°C,451
1514,189510,-0.12°C,580
1515,189509,-0.17°C,479
1516,189508,-0.24°C,315
1517,189507,-0.21°C,392
1518,189506,-0.29°C,218
1519,189505,-0.27°C,261
1520,189504,-0.19°C,426
1521,189503,-0.32°C,165
1522,189502,-0.40°C,85
1523,189501,-0.43°C,69
1524,189412,-0.25°C,297
1525,189411,-0.34°C,139
1526,189410,-0.29°C,218
1527,189409,-0.27°C,261
1528,189408,-0.30°C,201
1529,189407,-0.29°C,218
1530,189406,-0.37°C,117
1531,189405,-0.34°C,139
1532,189404,-0.39°C,95
1533,189403,-0.27°C,261
1534,189402,-0.24°C,315
1535,189401,-0.41°C,80
1536,189312,-0.25°C,297
1537,189311,-0.19°C,426
1538,189310,-0.25°C,297
1539,189309,-0.24°C,315
1540,189308,-0.31°C,188
1541,189307,-0.21°C,392
1542,189306,-0.27°C,261
1543,189305,-0.32°C,165
1544,189304,-0.35°C,129
1545,189303,-0.23°C,352
1546,189302,-0.61°C,6
1547,189301,-0.71°C,1
1548,189212,-0.44°C,60
1549,189211,-0.48°C,39
1550,189210,-0.28°C,232
1551,189209,-0.22°C,368
1552,189208,-0.33°C,150
1553,189207,-0.38°C,105
1554,189206,-0.30°C,201
1555,189205,-0.26°C,281
1556,189204,-0.32°C,165
1557,189203,-0.24°C,315
1558,189202,-0.12°C,580
1559,189201,-0.22°C,368
1560,189112,-0.05°C,744
1561,189111,-0.39°C,95
1562,189110,-0.28°C,232
1563,189109,-0.15°C,520
1564,189108,-0.21°C,392
1565,189107,-0.18°C,451
1566,189106,-0.19°C,426
1567,189105,-0.17°C,479
1568,189104,-0.24°C,315
1569,189103,-0.23°C,352
1570,189102,-0.54°C,21
1571,189101,-0.38°C,105
1572,189012,-0.28°C,232
1573,189011,-0.44°C,60
1574,189010,-0.35°C,129
1575,189009,-0.42°C,75
1576,189008,-0.38°C,105
1577,189007,-0.27°C,261
1578,189006,-0.30°C,201
1579,189005,-0.39°C,95
1580,189004,-0.27°C,261
1581,189003,-0.32°C,165
1582,189002,-0.33°C,150
1583,189001,-0.33°C,150
1584,188912,-0.15°C,520
1585,188911,-0.28°C,232
1586,188910,-0.24°C,315
1587,188909,-0.23°C,352
1588,188908,-0.15°C,520
1589,188907,-0.12°C,580
1590,188906,-0.08°C,676
1591,188905,-0.02°C,811
1592,188904,0.09°C,1019
1593,188903,0.14°C,1104
1594,188902,0.04°C,932
1595,188901,-0.02°C,811
1596,188812,0.08°C,1002
1597,188811,-0.04°C,767
1598,188810,0.03°C,913
1599,188809,-0.09°C,646
1600,188808,-0.17°C,479
1601,188807,-0.11°C,603
1602,188806,-0.11°C,603
1603,188805,-0.15°C,520
1604,188804,-0.12°C,580
1605,188803,-0.28°C,232
1606,188802,-0.27°C,261
1607,188801,-0.32°C,165
1608,188712,-0.16°C,500
1609,188711,-0.18°C,451
1610,188710,-0.32°C,165
1611,188709,-0.22°C,368
1612,188708,-0.32°C,165
1613,188707,-0.24°C,315
1614,188706,-0.24°C,315
1615,188705,-0.25°C,297
1616,188704,-0.25°C,297
1617,188703,-0.21°C,392
1618,188702,-0.46°C,49
1619,188701,-0.52°C,28
1620,188612,-0.17°C,479
1621,188611,-0.28°C,232
1622,188610,-0.31°C,188
1623,188609,-0.27°C,261
1624,188608,-0.26°C,281
1625,188607,-0.20°C,409
1626,188606,-0.24°C,315
1627,188605,-0.18°C,451
1628,188604,-0.18°C,451
1629,188603,-0.28°C,232
1630,188602,-0.32°C,165
1631,188601,-0.17°C,479
1632,188512,0.01°C,880
1633,188511,-0.14°C,543
1634,188510,-0.19°C,426
1635,188509,-0.26°C,281
1636,188508,-0.28°C,232
1637,188507,-0.25°C,297
1638,188506,-0.30°C,201
1639,188505,-0.30°C,201
1640,188504,-0.28°C,232
1641,188503,-0.25°C,297
1642,188502,-0.29°C,218
1643,188501,-0.44°C,60
1644,188412,-0.23°C,352
1645,188411,-0.34°C,139
1646,188410,-0.27°C,261
1647,188409,-0.28°C,232
1648,188408,-0.28°C,232
1649,188407,-0.31°C,188
1650,188406,-0.25°C,297
1651,188405,-0.22°C,368
1652,188404,-0.27°C,261
1653,188403,-0.28°C,232
1654,188402,-0.18°C,451
1655,188401,-0.23°C,352
1656,188312,-0.14°C,543
1657,188311,-0.24°C,315
1658,188310,-0.22°C,368
1659,188309,-0.17°C,479
1660,188308,-0.11°C,603
1661,188307,-0.10°C,625
1662,188306,0.01°C,880
1663,188305,-0.16°C,500
1664,188304,-0.19°C,426
1665,188303,-0.17°C,479
1666,188302,-0.35°C,129
1667,188301,-0.27°C,261
1668,188212,-0.15°C,520
1669,188211,-0.14°C,543
1670,188210,-0.22°C,368
1671,188209,-0.09°C,646
1672,188208,-0.07°C,699
1673,188207,-0.11°C,603
1674,188206,-0.13°C,559
1675,188205,-0.13°C,559
1676,188204,-0.14°C,543
1677,188203,0.00°C,865
1678,188202,0.02°C,899
1679,188201,0.09°C,1019
1680,188112,-0.03°C,787
1681,188111,-0.26°C,281
1682,188110,-0.28°C,232
1683,188109,-0.16°C,500
1684,188108,-0.05°C,744
1685,188107,-0.05°C,744
1686,188106,-0.11°C,603
1687,188105,0.04°C,932
1688,188104,0.08°C,1002
1689,188103,0.06°C,963
1690,188102,-0.05°C,744
1691,188101,-0.07°C,699
1692,188012,-0.09°C,646
1693,188011,-0.23°C,352
1694,188010,-0.22°C,368
1695,188009,-0.10°C,625
1696,188008,-0.05°C,744
1697,188007,-0.12°C,580
1698,188006,-0.12°C,580
1699,188005,-0.08°C,676
1700,188004,-0.04°C,767
1701,188003,-0.08°C,676
1702,188002,-0.14°C,543
1703,188001,-0.05°C,744
